{"cameraMode":{"drawMode":0,"name":"Shaded","section":"Shading Mode"},"sceneLighting":false,"audioPlay":false,"sceneViewState":{"m_AlwaysRefresh":false,"showFog":true,"showSkybox":false,"showFlares":true,"showImageEffects":true,"showParticleSystems":true,"showVisualEffectGraphs":true,"m_FxEnabled":true},"in2DMode":false,"pivot":{"x":0.000050067901611328125,"y":0.5717888474464417,"z":-0.165391206741333},"rotation":{"x":0.14795516431331635,"y":0.2130090892314911,"z":-0.03265893831849098,"w":0.965251088142395},"size":1.9172792434692383,"orthographic":false}